﻿프로그램명,설명,담당자이름,담당기관,담당자연락처,신청자격,연결URL,신청방법
배드민턴,"1일 2시간
월 ~ 금
무료
-
",,대구광역시장애인국민체육센터 , 053-795-8063 ,,http://dasadgym.or.kr/menu03_06.php,
탁   구,"1일 1시간
월 ~ 금
무료
-
",,대구광역시장애인국민체육센터 , 053-795-8063 ,,http://dasadgym.or.kr/menu03_06.php,
헬   스,"1일 2시간
월 ~ 금
무료
-
",,대구광역시장애인국민체육센터 , 053-795-8063 ,,http://dasadgym.or.kr/menu03_06.php,
체력측정 &운동처방,"09:00 ~ 18:00
월 ~ 금
무료
사전예약(053-795-8067)
",,대구광역시장애인국민체육센터 , 053-795-8063 ,,http://dasadgym.or.kr/menu03_06.php,
"다이어트, 방송댄스","10:30 ~ 12:00
화, 목
무료
장애인10명비장애인10명
",,대구광역시장애인국민체육센터 , 053-795-8063 ,,http://dasadgym.or.kr/menu03_06.php,
"요가, 필라테스","10:30 ~ 12:00
수, 금
무료
장애인10명비장애인10명
",,대구광역시장애인국민체육센터 , 053-795-8063 ,,http://dasadgym.or.kr/menu03_06.php,
